PubMedID,PubYear,Title,Authors,NumPatients
16701907,2006,"Large-scale amplification, cloning and sequencing of near full-length HIV-1 subtype C genomes","Rousseau,C.M., Birditt,B.A., McKay,A.R., Stoddard,J.N., Lee,T.C., McLaughlin,S., Moore,S.W., Shindo,N., Learn,G.H., Korber,B.T., Brander,C., Goulder,P.J., Kiepiela,P., Walker,B.D. and Mullins,J.I.",252
20231689,2010,Adaptive interactions between HLA and HIV-1: highly divergent selection imposed by HLA class I molecules with common supertype motifs,"John,M., Heckerman,D., James,I., Park,L.P., Carlson,J.M., Chopra,A., Gaudieri,S., Nolan,D., Haas,D.W., Riddler,S.A., Haubrich,R. and Mallal,S.",235
20949103,2010,Genetic signatures in the envelope glycoproteins of HIV-1 that associate with broadly neutralizing antibodies,"Gnanakaran,S., Daniels,M.G., Bhattacharya,T., Lapedes,A.S., Sethi,A., Li,M., Tang,H., Greene,K., Gao,H., Haynes,B.F., Cohen,M.S., Shaw,G.M., Seaman,M.S., Kumar,A., Gao,F., Montefiori,D.C. and Korber,B.",150
22960785,2012,Increased HIV-1 vaccine efficacy against viruses with genetic signatures in Env V2,"Rolland,M., Edlefsen,P.T., Larsen,B.B., Tovanabutra,S., Sanders-Buell,E., Hertz,T., deCamp,A.C., Carrico,C., Menis,S., Magaret,C.A., Ahmed,H., Juraska,M., Chen,L., Konopa,P., Nariya,S., Stoddard,J.N., Wong,K., Zhao,H., Deng,W., Maust,B.S., Bose,M., Howell,S., Bates,A., Lazzaro,M., O'Sullivan,A., Lei,E., Bradfield,A., Ibitamuno,G., Assawadarachai,V., O'Connell,R.J., deSouza,M.S., Nitayaphan,S., Rerks-Ngarm,S., Robb,M.L., McLellan,J.S., Georgiev,I., Kwong,P.D., Carlson,J.M., Michael,N.L., Schief,W.R., Gilbert,P.B., Mullins,J.I. and Kim,J.H.",115
24583617,2014,"Epidemiology of HIV-1 subtypes among men who have sex with men in Cape Town, South Africa","Rademeyer,C., Middelkoop,K., Brown,B., Cashmore,T.J., Marais,J., Scheibe,A., Bandawe,G., Myer,L., Williamson,C. and Bekker,L.-G.",115
27841669,2016,"HIV-1 Genetic Diversity Among Incident Infections in Mbeya, Tanzania","Billings,E., Sanders-Buell,E., Bose,M., Kijak,G.H., Bradfield,A., Crossler,J., Arroyo,M.A., Maboko,L., Hoffmann,O., Geis,S., Birx,D.L., Kim,J.H., Michael,N.L., Robb,M.L., Hoelscher,M. and Tovanabutra,S.",95
21453134,2011,Molecular Characterization of HIV Type 1 Strains from Newly Diagnosed Patients in Cyprus (2007-2009) Recovers Multiple Clades Including Unique Recombinant Strains and Lack of Transmitted Drug Resistance,"Kousiappa,I., Achilleos,C., Hezka,J., Lazarou,Y., Othonos,K., Demetriades,I. and Kostrikis,L.G.",72
23807275,2013,The rapidly expanding CRF01_AE epidemic in China is driven by multiple lineages of HIV-1 viruses introduced in the 1990s,"Feng,Y., He,X., Hsi,J.H., Li,F., Li,X., Wang,Q., Ruan,Y., Xing,H., Lam,T.T., Pybus,O.G., Takebe,Y. and Shao,Y.",69
27163788,2016,Differences in the Selection Bottleneck between Modes of Sexual Transmission Influence the Genetic Composition of the HIV-1 Founder Virus,"Tully,D.C., Ogilvie,C.B., Batorsky,R.E., Bean,D.J., Power,K.A., Ghebremichael,M., Bedard,H.E., Gladden,A.D., Seese,A.M., Amero,M.A., Lane,K., McGrath,G., Bazner,S.B., Tinsley,J., Lennon,N.J., Henn,M.R., Brumme,Z.L., Norris,P.J., Rosenberg,E.S., Mayer,K.H., Jessen,H., Kosakovsky Pond,S.L., Walker,B.D., Altfeld,M., Carlson,J.M. and Allen,T.M.",68
21358627,2011,Genetic impact of vaccination on breakthrough HIV-1 sequences from the STEP trial,"Rolland,M., Tovanabutra,S., deCamp,A.C., Frahm,N., Gilbert,P.B., Sanders-Buell,E., Heath,L., Magaret,C.A., Bose,M., Bradfield,A., O'Sullivan,A., Crossler,J., Jones,T., Nau,M., Wong,K., Zhao,H., Raugi,D.N., Sorensen,S., Stoddard,J.N., Maust,B.S., Deng,W., Hural,J., Dubey,S., Michael,N.L., Shiver,J., Corey,L., Li,F., Self,S.G., Kim,J., Buchbinder,S., Casimiro,D.R., Robertson,M.N., Duerr,A., McElrath,M.J., McCutchan,F.E. and Mullins,J.I.",66
24447533,2014,Characterization of near full-length genome sequences for standard panels of HIV-1 isolates established at the External Quality Assurance Program Oversight Laboratory (EQAPOL),"Hora,B., Chen,Y., Denny,T.N., Busch,M., Tadokoro,K. and Gao,F.",64
21980282,2011,Recurrent Signature Patterns in HIV-1 B Clade Envelope Glycoproteins Associated with either Early or Chronic Infections,"Gnanakaran,S., Bhattacharya,T., Daniels,M., Keele,B.F., Hraber,P.T., Lapedes,A.S., Shen,T., Gaschen,B., Krishnamoorthy,M., Li,H., Decker,J.M., Salazar-Gonzalez,J.F., Wang,S., Jiang,C., Gao,F., Swanstrom,R., Anderson,J.A., Ping,L.H., Cohen,M.S., Markowitz,M., Goepfert,P.A., Saag,M.S., Eron,J.J., Hicks,C.B., Blattner,W.A., Tomaras,G.D., Asmal,M., Letvin,N.L., Gilbert,P.B., Decamp,A.C., Magaret,C.A., Schief,W.R., Ban,Y.E., Zhang,M., Soderberg,K.A., Sodroski,J.G., Haynes,B.F., Shaw,G.M., Hahn,B.H. and Korber,B.",59
23616655,2013,Comparison of viral Env proteins from acute and chronic infections with subtype C human immunodeficiency virus type 1 identifies differences in glycosylation and CCR5 utilization and suggests a new strategy for immunogen design,"Ping,L.H., Joseph,S.B., Anderson,J.A., Abrahams,M.R., Salazar-Gonzalez,J.F., Kincer,L.P., Treurnicht,F.K., Arney,L., Ojeda,S., Zhang,M., Keys,J., Potter,E.L., Chu,H., Moore,P., Salazar,M.G., Iyer,S., Jabara,C., Kirchherr,J., Mapanje,C., Ngandu,N., Seoighe,C., Hoffman,I., Gao,F., Tang,Y., Labranche,C., Lee,B., Saville,A., Vermeulen,M., Fiscus,S., Morris,L., Karim,S.A., Haynes,B.F., Shaw,G.M., Korber,B.T., Hahn,B.H., Cohen,M.S., Montefiori,D., Williamson,C. and Swanstrom,R.",51
19193811,2009,Quantitating the multiplicity of infection with human immunodeficiency virus type 1 subtype C reveals a non-poisson distribution of transmitted variants,"Abrahams,M.R., Anderson,J.A., Giorgi,E.E., Seoighe,C., Mlisana,K., Ping,L.H., Athreya,G.S., Treurnicht,F.K., Keele,B.F., Wood,N., Salazar-Gonzalez,J.F., Bhattacharya,T., Chu,H., Hoffman,I., Galvin,S., Mapanje,C., Kazembe,P., Thebus,R., Fiscus,S., Hide,W., Cohen,M.S., Karim,S.A., Haynes,B.F., Shaw,G.M., Hahn,B.H., Korber,B.T., Swanstrom,R. and Williamson,C.",49
26041893,2015,Long-Range HIV Genotyping Using Viral RNA and Proviral DNA for Analysis of HIV Drug Resistance and HIV Clustering,"Novitsky,V., Zahralban-Steele,M., McLane,M.F., Moyo,S., van Widenfelt,E., Gaseitsiwe,S., Makhema,J. and Essex,M.",48
28068781,2017,Complex phylogeny of HIV-1 among drug users in Kenya,"Gounder,K., Ongeri,M., Padayachi,N., Zulu,T.M., de Oliveira,T., Wylie,J. and Ndung'u,T.",47
15186527,2004,Development and application of a high-throughput HIV type 1 genotyping assay to identify CRF02_AG in West/West Central Africa,"Kijak,G.H., Sanders-Buell,E., Wolfe,N.D., Mpoudi-Ngole,E., Kim,B., Brown,B., Robb,M.L., Birx,D.L., Burke,D.S., Carr,J.K. and McCutchan,F.E.",45
23714744,2013,Prevalence of HIV-1 dual infection in long-term nonprogressor-elite controllers,"Pernas,M., Casado,C., Sandonis,V., Arcones,C., Rodriguez,C., Ruiz-Mateos,E., Ramirez de Arellano,E., Rallon,N., Del Val,M., Grau,E., Lopez-Vazquez,M., Leal,M., Del Romero,J. and Lopez Galindez,C.",45
12487816,2002,"Among 46 near full length HIV type 1 genome sequences from Rakai District, Uganda, subtype D and AD recombinants predominate","Harris,M.E., Serwadda,D., Sewankambo,N., Kim,B., Kigozi,G., Kiwanuka,N., Phillips,J.B., Wabwire,F., Meehen,M., Lutalo,T., Lane,J.R., Merling,R., Gray,R., Wawer,M., Birx,D.L., Robb,M.L. and McCutchan,F.E.",43
15592417,2004,Dominant influence of HLA-B in mediating the potential co-evolution of HIV and HLA,"Kiepiela,P., Leslie,A.J., Honeyborne,I., Ramduth,D., Thobakgale,C., Chetty,S., Rathnavalu,P., Moore,C., Pfafferott,K.J., Hilton,L., Zimbwa,P., Moore,S., Allen,T., Brander,C., Addo,M.M., Altfeld,M., James,I., Mallal,S., Bunce,M., Barber,L.D., Szinger,J., Day,C., Klenerman,P., Mullins,J., Korber,B., Coovadia,H.M., Walker,B.D. and Goulder,P.J.",43
22933290,2012,"Reconstituting the epidemic history of CRF01_AE among MSM in Liaoning, northeastern China: Implication in expanding MSM epidemic in China","An,M., Han,X., Xu,J., Chu,Z., Jia,M., Wu,H., Lu,L., Takebe,Y. and Shang,H.",43
23300446,2012,Central Nervous System Compartmentalization of HIV-1 Subtype C Variants Early and Late in Infection in Young Children,"Sturdevant,C.B., Dow,A., Jabara,C.B., Joseph,S.B., Schnell,G., Takamune,N., Mallewa,M., Heyderman,R.S., Van Rie,A. and Swanstrom,R.",43
25734126,2014,Low Multiplicity of HIV-1 Infection and No Vaccine Enhancement in VAX003 Injection Drug Users,"Sterrett,S., Learn,G.H., Edlefsen,P.T., Haynes,B.F., Hahn,B.H., Shaw,G.M. and Bar,K.J.",43
11991972,2002,Human immunodeficiency virus type 1 subtype C molecular phylogeny: consensus sequence for an AIDS vaccine design?,"Novitsky,V., Smith,U.R., Gilbert,P., McLane,M.F., Chigwedere,P., Williamson,C., Ndung'u,T., Klein,I., Chang,S.-Y., Peter,T., Thior,I., Foley,B.T., Gaolekwe,S., Rybak,N., Gaseitsiwe,S., Vannberg,F., Marlink,R., Lee,T.-H. and Essex,M.",42
27434311,2016,Features of Recently Transmitted HIV-1 Clade C Viruses that Impact Antibody Recognition: Implications for Active and Passive Immunization,"Rademeyer,C., Korber,B., Seaman,M.S., Giorgi,E.E., Thebus,R., Robles,A., Sheward,D.J., Wagh,K., Garrity,J., Carey,B.R., Gao,H., Greene,K.M., Tang,H., Bandawe,G.P., Marais,J.C., Diphoko,T.E., Hraber,P., Tumba,N., Moore,P.L., Gray,G.E., Kublin,J., McElrath,M.J., Vermeulen,M., Middelkoop,K., Bekker,L.G., Hoelscher,M., Maboko,L., Makhema,J., Robb,M.L., Abdool Karim,S., Abdool Karim,Q., Kim,J.H., Hahn,B.H., Gao,F., Swanstrom,R., Morris,L., Montefiori,D.C. and Williamson,C.",42
23853594,2013,Evidence for a Continuous Drift of the HIV-1 Species towards Higher Resistance to Neutralizing Antibodies over the Course of the Epidemic,"Bouvin-Pley,M., Morgand,M., Moreau,A., Jestin,P., Simonnet,C., Tran,L., Goujard,C., Meyer,L., Barin,F. and Braibant,M.",40
27512845,2016,Significant contribution of subtype G to HIV-1 genetic complexity in Nigeria identified by a newly developed subtyping assay specific for subtype G and CRF02_AG,"Heipertz,R.A. Jr., Ayemoba,O., Sanders-Buell,E., Poltavee,K., Pham,P., Kijak,G.H., Lei,E., Bose,M., Howell,S., O'Sullivan,A.M., Bates,A., Cervenka,T., Kuroiwa,J., Akintunde,A., Ibezim,O., Alabi,A., Okoye,O., Manak,M., Malia,J., Peel,S., Maisaka,M., Singer,D., O'Connell,R.J., Robb,M.L., Kim,J.H., Michael,N.L., Njoku,O. and Tovanabutra,S.",40
23972100,2013,"Molecular Epidemiology of Early and Acute HIV Type 1 Infections in the United States Navy and Marine Corps, 2005-2010","Heipertz,R.A. Jr., Sanders-Buell,E., Kijak,G., Howell,S., Lazzaro,M., Jagodzinski,L.L., Eggleston,J., Peel,S., Malia,J., Armstrong,A., Michael,N.L., Kim,J.H., O'Connell,R.J., Scott,P.T., Brett-Major,D.M. and Tovanabutra,S.",39
21036380,2011,Identification of amino acid substitutions associated with neutralization phenotype in the human immunodeficiency virus type-1 subtype C gp120,"Kirchherr,J.L., Hamilton,J., Lu,X., Gnanakaran,S., Muldoon,M., Daniels,M., Kasongo,W., Chalwe,V., Mulenga,C., Mwananyanda,L., Musonda,R.M., Yuan,X., Montefiori,D.C., Korber,B.T., Haynes,B.F. and Gao,F.",37
17632196,2007,Genetic characteristics of HIV-1 subtype C envelopes inducing cross-neutralizing antibodies,"Rademeyer,C., Moore,P. and Williamson,C.",36
12218394,2002,Forty-one near full-length HIV-1 sequences from Kenya reveal an epidemic of subtype A and A-containing recombinants,"Dowling,W.E., Kim,B., Mason,C.J., Wasunna,K.M., Alam,U., Elson,L., Birx,D.L., Robb,M.L., McCutchan,F.E. and Carr,J.K.",35
23741489,2013,"High Prevalence of HIV-1 Intersubtype B'/C Recombinants among Injecting Drug Users in Dehong, China","Han,X., An,M., Zhao,B., Duan,S., Yang,S., Xu,J., Zhang,M., McGoogan,J.M., Takebe,Y. and Shang,H.",35
15186520,2004,"The changing molecular epidemiology of HIV type 1 among northern Thai drug users, 1999 to 2002","Tovanabutra,S., Beyrer,C., Sakkhachornphop,S., Razak,M.H., Ramos,G.L., Vongchak,T., Rungruengthanakit,K., Saokhieo,P., Tejafong,K., Kim,B., De Souza,M., Robb,M.L., Birx,D.L., Jittiwutikarn,J., Suriyanon,V., Celentano,D.D. and McCutchan,F.E.",33
22149143,2012,Pilot Studies for Development of an HIV Subtype Panel for Surveillance of Global Diversity,"Manak,M., Sina,S., Anekella,B., Hewlett,I., Sanders-Buell,E.E., Ragupathy,V., Kim,J.H., Vermeulen,M., Stramer,S., Sabino,E., Grabarczyk,P., Michael,N.L., Peel,S., Garrett,P.E., Tovanabutra,S., Busch,M. and Schito,M.",32
26699702,2016,A PAN-HIV STRATEGY FOR COMPLETE GENOME SEQUENCING,"Berg,M.G., Yamaguchi,J., Alessandri-Gradt,E., Tell,R.W., Plantier,J.C. and Brennan,C.A.",32
27314585,2016,Characterization of near full-length genome sequences for standard panels of HIV-1 isolates established at the External Quality Assurance Program Oversight Laboratory (EQAPOL),"Hora,B., Chen,Y., Denny,T.N. and Gao,F.",31
18670237,2008,"A new CRF01_AE/B recombinant structure of HIV type 1 found in Heilongjiang province, China","Zhou,H.Z., Li,Y., Zhou,H., Liu,Y.C., Du,H.T., Wang,K.L., Wang,F.X. and Ling,H.",30
27574950,2016,First description of two new HIV-1 recombinant forms CRF82_cpx and CRF83_cpx among drug users in Northern Myanmar,"Chen,X., Ye,M., Duo,L., Pang,W., Smith,D., Zhang,C. and Zheng,Y.T.",30
20932333,2010,"HIV-1 subtype distribution in the Gambia and the significant presence of CRF49_cpx, a novel circulating recombinant form","de Silva,T.I., Turner,R., Hue,S., Trikha,R., van Tienen,C., Onyango,C., Jaye,A., Foley,B., Whittle,H., Rowland-Jones,S.L. and Cotten,M.",29
26599538,2015,Utility of Unbiased Next-Generation Sequencing for HIV Surveillance,"Luk,K.-C., Berg,M.G., Naccache,S.N., Kabre,B., Federman,S., Mbanya,D., Kaptue,L., Chiu,C.Y., Brennan,C.A. and Hackett,J. Jr.",29
20485520,2010,High Multiplicity Infection by HIV-1 in Men Who Have Sex with Men,"Li,H., Bar,K.J., Wang,S., Decker,J.M., Chen,Y., Sun,C., Salazar-Gonzalez,J.F., Salazar,M.G., Learn,G.H., Morgan,C.J., Schumacher,J.E., Hraber,P., Giorgi,E.E., Bhattacharya,T., Korber,B.T., Perelson,A.S., Eron,J.J., Cohen,M.S., Hicks,C.B., Haynes,B.F., Markowitz,M., Keele,B.F., Hahn,B.H. and Shaw,G.M.",28
27973597,2016,Fast Dissemination of New HIV-1 CRF02/A1 Recombinants in Pakistan,"Chen,Y., Hora,B., DeMarco,T., Shah,S.A., Ahmed,M., Sanchez,A.M., Su,C., Carter,M., Stone,M., Hasan,R., Hasan,Z., Busch,M.P., Denny,T.N. and Gao,F.",28
18209676,2008,Genetic and Neutralization Properties of HIV-1 env Clones from Subtype B/BC/AE Infections in China,"Chong,H., Hong,K., Zhang,C., Nie,J., Song,A., Kong,W. and Wang,Y.",27
19182918,2009,Genetic analysis of HIV type 1 strains from newly infected untreated patients in cyprus: high genetic diversity and low prevalence of drug resistance,"Kousiappa,I., van de Vijver,D.A., Demetriades,I. and Kostrikis,L.G.",27
25811757,2015,Compartmentalized Replication of R5 T Cell-Tropic HIV-1 in the Central Nervous System Early in the Course of Infection,"Sturdevant,C.B., Joseph,S.B., Schnell,G., Price,R.W., Swanstrom,R. and Spudich,S.",27
16817969,2006,The predominance of Human Immunodeficiency Virus type 1 (HIV-1) circulating recombinant form 02 (CRF02_AG) in West Central Africa may be related to its replicative fitness,"Njai,H.F., Gali,Y., Vanham,G., Clybergh,C., Jennes,W., Vidal,N., Butel,C., Mpoudi-Ngolle,E., Peeters,M. and Arien,K.K.",26
19143562,2009,Selection of HIV Variants with Signature Genotypic Characteristics during Heterosexual Transmission,"Sagar,M., Laeyendecker,O., Lee,S., Gamiel,J., Wawer,M.J., Gray,R.H., Serwadda,D., Sewankambo,N.K., Shepherd,J.C., Toma,J., Huang,W. and Quinn,T.C.",26
18562530,2008,Genetic characterization of human immunodeficiency virus type 1 in elite controllers: lack of gross genetic defects or common amino acid changes,"Miura,T., Brockman,M.A., Brumme,C.J., Brumme,Z.L., Carlson,J.M., Pereyra,F., Trocha,A., Addo,M.M., Block,B.L., Rothchild,A.C., Baker,B.M., Flynn,T., Schneidewind,A., Li,B., Wang,Y.E., Heckerman,D., Allen,T.M. and Walker,B.D.",25
19025632,2008,Conserved positive selection signals in gp41 across multiple subtypes and difference in selection signals detectable in gp41 sequences sampled during acute and chronic HIV-1 subtype C infection,"Bandawe,G.P., Martin,D.P., Treurnicht,F., Mlisana,K., Karim,S.S. and Williamson,C.",25
20707647,2010,Short Communication: Biological and Genetic Characterization of HIV Type 1 Subtype B and Nonsubtype B Transmitted Viruses: Usefulness for Vaccine Candidate Assessment,"Cuevas,M.T., Fernandez-Garcia,A., Pinilla,M., Garcia-Alvarez,V., Thomson,M., Delgado,E., Gonzalez-Galeano,M., Miralles,C., Serrano-Bengoechea,E., Ojea de Castro,R., Lopez-Alvarez,M.J., Lezaun,M.J., Sanchez-Garcia,A.M., Sanchez-Martinez,M., Munoz-Nieto,M. and Perez-Alvarez,L.",25
19540543,2009,Phylodynamic analysis of the dissemination of HIV-1 CRF01_AE in Vietnam,"Liao,H., Tee,K.K., Hase,S., Uenishi,R., Li,X.J., Kusagawa,S., Thang,P.H., Hien,N.T., Pybus,O.G. and Takebe,Y.",24
10984542,2000,A distinctive clade B HIV type 1 is heterosexually transmitted in Trinidad and Tobago,"Cleghorn,F.R., Jack,N., Carr,J.K., Edwards,J., Mahabir,B., Sill,A., McDanal,C.B., Connolly,S.M., Goodman,D., Bennetts,R.Q., O'Brien,T.R., Weinhold,K.J., Bartholomew,C., Blattner,W.A. and Greenberg,M.L.",22
9445059,1998,Immunological and virological analyses of persons infected by human immunodeficiency virus type 1 while participating in trials of recombinant gp120 subunit vaccines,"Connor,R.I., Korber,B.T.M., Graham,B.S., Hahn,B.H., Ho,D.D., Walker,B.D., Neumann,A.U., Vermund,S.H., Mestecky,J., Jackson,S., Fenamore,E., Cao,Y., Gao,F., Kalams,S., Kunstman,K.J., McDonald,D., McWilliams,N., Trkola,A., Moore,J.P. and Wolinsky,S.M.",22
16910837,2006,Molecular epidemiology of HIV Type 1 in preparation for a Phase III prime-boost vaccine trial in Thailand and a new approach to HIV Type 1 genotyping,"Watanaveeradej,V., Benenson,M.W., Souza,M.D., Sirisopana,N., Nitayaphan,S., Tontichaivanich,C., Amphaipit,R., Renzullo,P.O., Brown,A.E., McNeil,J.G., Robb,M.L., Birx,D.L., Tovanabutra,S., Carr,J.K. and McCutchan,F.E.",21
18691031,2008,Increase of non-B subtypes and recombinants among newly diagnosed HIV-1 native Spaniards and immigrants in Spain,"Holguin,A., de Mulder,M., Yebra,G., Lopez,M. and Soriano,V.",21
,2007,Direct Submission,"Jiang,C., Kirchherr,J., Haynes,B. and Gao,F.",20
15320994,2005,HIV type 1 subtypes among blood donors in the Mbeya region of southwest Tanzania,"Arroyo,M.A., Hoelscher,M., Sanders-Buell,E., Herbinger,K.H., Samky,E., Maboko,L., Hoffmann,O., Robb,M.R., Birx,D.L. and McCutchan,F.E.",20
17514017,2007,Development of an HIV-1 Reference Panel of Recombinant Viruses that Express Envelope Proteins Derived from Recently Transmitted Subtype B Isolates,"Schweighardt,B., Liu,Y., Huang,W., Chappey,C., Lie,Y.S., Petropoulos,C.J. and Wrin,T.",20
18507530,2008,Genotypic characterization and comparison of full-length envelope glycoproteins from South African HIV type 1 subtype C primary isolates that utilize CCR5 and/or CXCR4,"Michler,K., Connell,B.J., Venter,W.D., Stevens,W.S., Capovilla,A. and Papathanasopoulos,M.A.",20
20156095,2010,"Evaluation of HIV type 1 strains in men having sex with men and in female sex workers in Mombasa, Kenya","Tovanabutra,S., Sanders,E.J., Graham,S.M., Mwangome,M., Peshu,N., McClelland,R.S., Muhaari,A., Crossler,J., Price,M.A., Gilmour,J., Michael,N.L. and McCutchan,F.M.",20
26115688,2015,Subtype-independent near full-length HIV-1 genome sequencing and assembly to be used in large molecular epidemiological studies and clinical management,"Grossmann,S., Nowak,P. and Neogi,U.",20
15857994,2005,"Biologic and genetic characterization of a panel of 60 human immunodeficiency virus type 1 isolates, representing clades A, B, C, D, CRF01_AE, and CRF02_AG, for the development and assessment of candidate vaccines","Brown,B.K., Darden,J.M., Tovanabutra,S., Oblander,T., Frost,J., Sanders-Buell,E., de Souza,M.S., Birx,D.L., McCutchan,F.E. and Polonis,V.R.",18
24369910,2013,HIV-1 envelope replication and alpha4beta7 utilization among newly infected subjects and their corresponding heterosexual partners,"Pena-Cruz,V., Etemad,B., Chatziandreou,N., Nyein,P.H., Stock,S., Reynolds,S.J., Laeyendecker,O., Gray,R.H., Serwadda,D., Lee,S.J., Quinn,T.C. and Sagar,M.",18
26763952,2016,"Geographic origin and evolutionary history of China's two predominant HIV-1 circulating recombinant forms, CRF07_BC and CRF08_BC","Feng,Y., Takebe,Y., Wei,H., He,X., Hsi,J.H., Li,Z., Xing,H., Ruan,Y., Yang,Y., Li,F., Wei,J., Li,X. and Shao,Y.",18
11600844,2001,Diverse BF recombinants have spread widely since the introduction of HIV-1 into South America,"Carr,J.K., Avila,M., Gomez Carrillo,M., Salomon,H., Hierholzer,J., Watanaveeradej,V., Pando,M.A., Negrete,M., Russell,K.L., Sanchez,J., Birx,D.L., Andrade,R., Vinoles,J. and McCutchan,F.E.",17
18184088,2007,Characterization of near full-length genomes of HIV type 1 strains in Denmark: basis for a universal therapeutic vaccine,"Andresen,B.S., Vinner,L., Tang,S., Bragstad,K., Kronborg,G., Gerstoft,J., Corbet,S. and Fomsgaard,A.",17
20423223,2010,"A substantial transmission bottleneck among newly and recently HIV-1-infected injection drug users in St Petersburg, Russia","Masharsky,A.E., Dukhovlinova,E.N., Verevochkin,S.V., Toussova,O.V., Skochilov,R.V., Anderson,J.A., Hoffman,I., Cohen,M.S., Swanstrom,R. and Kozlov,A.P.",17
21561918,2011,"Activity of Broadly Neutralizing Antibodies, Including PG9, PG16, and VRC01, against Recently Transmitted Subtype B HIV-1 Variants from Early and Late in the Epidemic","Euler,Z., Bunnik,E.M., Burger,J.A., Boeser-Nunnink,B.D., Grijsen,M.L., Prins,J.M. and Schuitemaker,H.",17
22693444,2012,Transmitted/founder and chronic subtype C HIV-1 use CD4 and CCR5 receptors with equal efficiency and are not inhibited by blocking the integrin alpha4beta7,"Parrish,N.F., Wilen,C.B., Banks,L.B., Iyer,S.S., Pfaff,J.M., Salazar-Gonzalez,J.F., Salazar,M.G., Decker,J.M., Parrish,E.H., Berg,A., Hopper,J., Hora,B., Kumar,A., Mahlokozera,T., Yuan,S., Coleman,C., Vermeulen,M., Ding,H., Ochsenbauer,C., Tilton,J.C., Permar,S.R., Kappes,J.C., Betts,M.R., Busch,M.P., Gao,F., Montefiori,D., Haynes,B.F., Shaw,G.M., Hahn,B.H. and Doms,R.W.",17
15266112,2004,Detection of human immunodeficiency virus type 1 envelope peptide- stimulated T-helper cell responses and variations in the corresponding regions of viral isolates among vertically infected children,"Meddows-Taylor,S., Papathanasopoulos,M.A., Kuhn,L., Meyers,T.M. and Tiemessen,C.T.",16
20808902,2010,HIV-1 Populations in Semen Arise through Multiple Mechanisms,"Anderson,J.A., Ping,L.H., Dibben,O., Jabara,C.B., Arney,L., Kincer,L., Tang,Y., Hobbs,M., Hoffman,I., Kazembe,P., Jones,C.D., Borrow,P., Fiscus,S., Cohen,M.S. and Swanstrom,R.",16
28401776,2017,Molecular characteristics of the envelope of vertically transmitted HIV-1 strains from infants with HIV infection,"Ashokkumar,M., Nesakumar,M., Narayanaiah,C., Kk,V.V., Hemalatha,B., Tripathy,S.P. and Hanna,L.E.",16
,2016,A new HIV-1 B/F1 unique recombinant form (URF) outbreak in Luxembourg: near full-length genome characterization and phylogenetic analysis,"Struck,D., Roman,F., Lambert,C., Masquelier,C., Servais,J.-Y., Arendt,V., Hemmer,R., Staub,T., Devaux,C. and Schmit,J.-C.",15
21526184,2011,Change of positive selection pressure on HIV-1 envelope gene inferred by early and recent samples,"Yoshida,I., Sugiura,W., Shibata,J., Ren,F., Yang,Z. and Tanaka,H.",15
25401747,2014,"Deep Sequencing of HIV-1 near Full-Length Proviral Genomes Identifies High Rates of BF1 Recombinants Including Two Novel Circulating Recombinant Forms (CRF) 70_BF1 and a Disseminating 71_BF1 among Blood Donors in Pernambuco, Brazil","Pessoa,R., Watanabe,J.T., Calabria,P., Felix,A.C., Loureiro,P., Sabino,E.C., Busch,M.P. and Sanabani,S.S.",15
9519894,1998,Diversity of the human immunodeficiency virus type 1 envelope glycoprotein in San Francisco Men's Health Study participants,"McCutchan,F.E., Sanders-Buell,E., Salminen,M.O., Carr,J.K. and Sheppard,W.H.",15
19279683,2009,HIV-1 epidemic in the Caribbean is dominated by subtype B,"Nadai,Y., Eyzaguirre,L.M., Sill,A., Cleghorn,F., Nolte,C., Charurat,M., Collado-Chastel,S., Jack,N., Bartholomew,C., Pape,J.W., Figueroa,P., Blattner,W.A. and Carr,J.K.",14
25430652,2014,Characterization of HIV-1 envelopes in acutely and chronically infected injection drug users,"Etemad,B., Gonzalez,O.A., White,L., Laeyendecker,O., Kirk,G.D., Mehta,S. and Sagar,M.",14
8627686,1996,Molecular cloning and analysis of functional envelope genes from human immunodeficiency virus type 1 sequence subtypes A through G. The WHO and NIAID Networks for HIV Isolation and Characterization,"Gao,F., Morrison,S.G., Robertson,D.L., Thornton,C.L., Craig,S., Karlsson,G., Sodroski,J., Morgado,M., Galvao-Castro,B., von Briesen,H., Beddows,S., Weber,J., Sharp,P.M., Shaw,G.M. and Hahn,B.H.",14
11709098,2001,Genetic analysis of the complete gag and env genes of HIV type 1 subtype C primary isolates from South Africa,"Engelbrecht,S., de Villiers,T., Sampson,C.C., zur Megede,J., Barnett,S.W. and van Rensburg,E.J.",13
26599410,2015,Phylogeny and Phylogeography of a Recent HIV-1 Subtype F Outbreak among Men Who Have Sex with Men in Spain Deriving from a Cluster with a Wide Geographic Circulation in Western Europe,"Delgado,E., Cuevas,M.T., Dominguez,F., Vega,Y., Cabello,M., Fernandez-Garcia,A., Perez-Losada,M., Castro,M.A., Montero,V., Sanchez,M., Marino,A., Alvarez,H., Ordonez,P., Ocampo,A., Miralles,C., Perez-Castro,S., Lopez-Alvarez,M.J., Rodriguez,R., Trigo,M., Diz-Aren,J., Hinojosa,C., Bachiller,P., Hernaez-Crespo,S., Cisterna,R., Garduno,E., Perez-Alvarez,L. and Thomson,M.M.",13
28077647,2017,Sensitive next generation sequencing method reveals deep genetic diversity of HIV-1 in the Democratic Republic of the Congo,"Rodgers,M.A., Wilkinson,E., Vallari,A., McArthur,C., Sthreshley,L., Brennan,C.A., Cloherty,G. and de Oliveira,T.",13
8744585,1996,"env gene sequences of primary HIV type 1 isolates of subtypes B, C, D, E, and F obtained from the World Health Organization Network for HIV Isolation and Characterization","Penny,M.A., Thomas,S.J., Douglas,N.W., Ranjbar,S., Holmes,H. and Daniels,R.S.",13
11044094,2000,Unprecedented degree of human immunodeficiency virus type 1 (HIV-1) group M genetic diversity in the Democratic Republic of Congo suggests that the HIV-1 pandemic originated in Central Africa,"Vidal,N., Peeters,M., Mulanga-Kabeya,C., Nzilambi,N., Robertson,D., Ilunga,W., Sema,H., Tshimanga,K., Bongo,B. and Delaporte,E.",12
15858036,2005,Characterization of human immunodeficiency virus type 1 (HIV-1) envelope variation and neutralizing antibody responses during transmission of HIV-1 subtype B,"Frost,S.D., Liu,Y., Pond,S.L., Chappey,C., Wrin,T., Petropoulos,C.J., Little,S.J. and Richman,D.D.",12
16910825,2006,Molecular Epidemiology of HIV Type 1 in Ukraine: Birthplace of an Epidemic,"Saad,M.D., Shcherbinskaya,A.M., Nadai,Y., Kruglov,Y.V., Antonenko,S.V., Lyulchuk,M.G., Kravchenko,O.N., Earhart,K.C., Sanchez,J.L., Brix,D.L. and Carr,J.K.",12
17919103,2007,Characterization of the full-length human immunodeficiency virus-1 genome from recently infected subjects in Brazil,"Sa-Filho,D., Kallas,E.G., Sanabani,S., Sabino,E., Sucupira,M.C., Sanchez-Rosa,A.C., Tescarollo,G., Tomiyama,H., Bassichetto,K., Janini,L.M. and Diaz,R.S.",12
18620491,2008,"Analysis of near full-length genomic sequences of drug-resistant HIV-1 spreading among therapy-naive individuals in Nagoya, Japan: amino acid mutations associated with viral replication activity","Ibe,S., Shigemi,U., Sawaki,K., Fujisaki,S., Hattori,J., Yokomaku,Y., Mamiya,N., Hamaguchi,M. and Kaneda,T.",12
19474105,2009,"Cross-subtype neutralization sensitivity despite monoclonal antibody resistance among early subtype A, C, and D envelope variants of human immunodeficiency virus type 1","Blish,C.A., Jalalian-Lechak,Z., Rainwater,S., Nguyen,M.A., Dogan,O.C. and Overbaugh,J.",12
26378795,2015,Heterosexual Transmission of Subtype C HIV-1 Selects Consensus-Like Variants without Increased Replicative Capacity or Interferon-alpha Resistance,"Deymier,M.J., Ende,Z., Fenton-May,A.E., Dilernia,D.A., Kilembe,W., Allen,S.A., Borrow,P. and Hunter,E.",12
10445815,1999,Comparison of complete env gene sequences from individuals with symptomatic primary HIV type 1 infection,"Ataman-Onal,Y., Coiffier,C., Giraud,A., Babic-Erceg,A., Biron,F. and Verrier,B.",11
10826486,2000,Diversity of envelope glycoprotein from human immunodeficiency virus type 1 of recent seroconverters in Thailand,"McCutchan,F.E., Viputtigul,K., de Souza,M.S., Carr,J.K., Markowitz,L.E., Buapunth,P., McNeil,J.G., Robb,M.L., Nitayaphan,S., Birx,D.L. and Brown,A.E.",11
16135906,2005,HIV-1 diversity and prevalence differ between urban and rural areas in the Mbeya region of Tanzania,"Arroyo,M.A., Hoelscher,M., Sateren,W., Samky,E., Maboko,L., Hoffmann,O., Kijak,G., Robb,M., Birx,D.L. and McCutchan,F.E.",11
17409164,2007,Neutralizing antibody responses in acute human immunodeficiency virus type 1 subtype C infection,"Gray,E.S., Moore,P.L., Choge,I.A., Decker,J.M., Bibollet-Ruche,F., Li,H., Leseka,N., Treurnicht,F., Mlisana,K., Shaw,G.M., Karim,S.S., Williamson,C. and Morris,L.",11
18184081,2007,Genetic and biological characterization of recombinant HIV type 1 with Env derived from long-term nonprogressor (LTNP) viruses,"Antoni,S., Walz,N., Landersz,M., Humbert,M., Seidl,C., Dittmar,M.T. and Dietrich,U.",11
18256145,2008,Deciphering human immunodeficiency virus type 1 transmission and early envelope diversification by single-genome amplification and sequencing,"Salazar-Gonzalez,J.F., Bailes,E., Pham,K.T., Salazar,M.G., Guffey,M.B., Keele,B.F., Derdeyn,C.A., Farmer,P., Hunter,E., Allen,S., Manigart,O., Mulenga,J., Anderson,J.A., Swanstrom,R., Haynes,B.F., Athreya,G.S., Korber,B.T., Sharp,P.M., Shaw,G.M. and Hahn,B.H.",11
20438383,2010,Distinct circulating recombinant HIV-1 strains among injecting drug users and sex workers in Afghanistan,"Sanders-Buell,E., Bose,M., Nasir,A., Todd,C.S., Stanekzai,M.R., Tovanabutra,S., Scott,P.T., Strathdee,S.A., Tjaden,J., Michael,N.L. and McCutchan,F.E.",11
25413141,2015,Enhanced detection of viral diversity using partial and near full-length genomes of human immunodeficiency virus Type 1 provirus deep sequencing data from recently infected donors at four blood centers in Brazil,"Pessoa,R., Watanabe,J.T., Calabria,P., Alencar,C.S., Loureiro,P., Lopes,M.E., Proetti,A.B., Felix,A.C., Sabino,E.C., Busch,M.P. and Sanabani,S.S.",11
27756485,2016,A study of vaccine-induced immune pressure on breakthrough infections in the Phambili phase 2b HIV-1 vaccine efficacy trial,"Hertz,T., Logan,M.G., Rolland,M., Magaret,C.A., Rademeyer,C., Fiore-Gartland,A., Edlefsen,P.T., DeCamp,A., Ahmed,H., Ngandu,N., Larsen,B.B., Frahm,N., Marais,J., Thebus,R., Geraghty,D., Hural,J., Corey,L., Kublin,J., Gray,G., McElrath,M.J., Mullins,J.I., Gilbert,P.B. and Williamson,C.",11
27851829,2016,"Diversification in the HIV-1 Envelope Hyper-variable Domains V2, V4, and V5 and Higher Probability of Transmitted/Founder Envelope Glycosylation Favor the Development of Heterologous Neutralization Breadth","Smith,S.A., Burton,S.L., Kilembe,W., Lakhi,S., Karita,E., Price,M., Allen,S., Hunter,E. and Derdeyn,C.A.",11
15929707,2005,Characterization of Complete HIV Type 1 Genomes from Non-B Subtype Infections in U.S. Military Personnel,"Tovanabutra,S., Brodine,S.K., Mascola,J.R., Sankale,J.L., Sanders-Buell,E., Kim,B., Birx,D.L. and McCutchan,F.E.",10
16044009,2005,"Outbreak of a West African recombinant of HIV-1 in Tashkent, Uzbekistan","Carr,J.K., Nadai,Y., Eyzaguirre,L., Saad,M.D., Khakimov,M.M., Yakubov,S.K., Birx,D.L., Graham,R.R., Wolfe,N.D., Earhart,K.C. and Sanchez,J.L.",10
16051804,2005,Human immunodeficiency virus type 1 env clones from acute and early subtype B infections for standardized assessments of vaccine-elicited neutralizing antibodies,"Li,M., Gao,F., Mascola,J.R., Stamatatos,L., Polonis,V.R., Koutsoukos,M., Voss,G., Goepfert,P., Gilbert,P., Greene,K.M., Bilska,M., Kothe,D.L., Salazar-Gonzalez,J.F., Wei,X., Decker,J.M., Hahn,B.H. and Montefiori,D.C.",10
16438639,2006,Identification of two HIV type 1 circulating recombinant forms in Brazil,"De Sa Filho,D.J., Sucupira,M.C., Caseiro,M.M., Sabino,E.C., Diaz,R.S. and Janini,L.M.",10
17451347,2007,"Genetic Characterization of CRF01_AE Full-Length Human Immunodeficiency Virus Type 1 Sequences from Fujian, China","Huang,H.L., Zheng,J., Yan,P.P., Cheng,L., Lin,X., Zhang,Z.S. and Yang,Y.S.",10
19167740,2009,Highly complex neutralization determinants on a monophyletic lineage of newly transmitted subtype C HIV-1 Env clones from India,"Kulkarni,S.S., Lapedes,A., Tang,H., Gnanakaran,S., Daniels,M.G., Zhang,M., Bhattacharya,T., Li,M., Polonis,V.R., McCutchan,F.E., Morris,L., Ellenberger,D., Butera,S.T., Bollinger,R.C., Korber,B.T., Paranjape,R.S. and Montefiori,D.C.",10
20375173,2010,Wide variation in the multiplicity of HIV-1 infection among injection drug users,"Bar,K.J., Li,H., Chamberland,A., Tremblay,C., Routy,J.P., Grayson,T., Sun,C., Wang,S., Learn,G.H., Morgan,C.J., Schumacher,J.E., Haynes,B.F., Keele,B.F., Hahn,B.H. and Shaw,G.M.",10
21239033,2011,Multiple HIV-1 infections with evidence of recombination in heterosexual partnerships in a low risk Rural Clinical Cohort in Uganda,"Ssemwanga,D., Lyagoba,F., Ndembi,N., Mayanja,B.N., Larke,N., Wang,S., Baalwa,J., Williamson,C., Grosskurth,H. and Kaleebu,P.",10
21843318,2011,Early infant HIV-1 envelopes exhibit more rapid entry kinetics than non-transmitted maternal variants,"Kishko,M., Somasundaran,M., Brewster,F., Sullivan,J., Clapham,P. and Luzuriaga,K.",10
22357663,2012,Characterization of Acute HIV-1 Infection in High-Risk Nigerian Populations,"Charurat,M., Nasidi,A., Delaney,K., Saidu,A., Croxton,T., Mondal,P., Aliyu,G.G., Constantine,N., Abimiku,A., Carr,J.K., Vertefeuille,J. and Blattner,W.",10
22916738,2013,Molecular Epidemiology of HIV Type 1 Infection in Iran: Genomic Evidence of CRF35_AD Predominance and CRF01_AE Infection Among Individuals Associated with Injection Drug Use,"Jahanbakhsh,F., Ibe,S., Hattori,J., Monavari,S.H.R., Matsuda,M., Maejima,M., Iwatani,Y., Memarnejadian,A., Keyvani,H., Azadmanesh,K. and Sugiura,W.",10
24866155,2014,Low level of HIV-1 evolution after transmission from mother to child,"Gijsbers,E.F., van Nuenen,A.C., Torrents de la Pena,A., Bowles,E.J., Stewart-Jones,G.B., Schuitemaker,H. and Kootstra,N.A.",10
26375597,2015,Extremely High Mutation Rate of HIV-1 In Vivo,"Cuevas,J.M., Geller,R., Garijo,R., Lopez-Aldeguer,J. and Sanjuan,R.",10
27169981,2016,"Identification of a Novel HIV-1 Circulating Recombinant Form (CRF85_BC) in Sichuan, China","Su,L., Wei,D., Yang,H., Zeng,Y., Hu,Y., Yuan,D., Feng,L., Ruan,Y., Qin,G. and Liang,S.",10
11504977,2001,High proportion of unrelated HIV-1 intersubtype recombinants in the Mbeya region of southwest Tanzania,"Hoelscher,M., Kim,B., Maboko,L., Mhalu,F., von Sonnenburg,F., Birx,D.L. and McCutchan,F.E.",9
16103205,2005,Human immunodeficiency virus mutations during the first month of infection are preferentially found in known cytotoxic T-lymphocyte epitopes,"Bernardin,F., Kong,D., Peddada,L., Baxter-Lowe,L.A. and Delwart,E.",9
16959032,2006,"First report of an HIV-1 triple recombinant of subtypes B, C and F in Buenos Aires, Argentina","Pando,M.A., Eyzaguirre,L.M., Segura,M., Bautista,C.T., Marone,R., Ceballos,A., Montano,S.M., Sanchez,J.L., Weissenbacher,M., Avila,M.M. and Carr,J.K.",9
16971434,2006,Genetic and neutralization properties of subtype C human immunodeficiency virus type 1 molecular env clones from acute and early heterosexually acquired infections in Southern Africa,"Li,M., Salazar-Gonzalez,J.F., Derdeyn,C.A., Morris,L., Williamson,C., Robinson,J.E., Decker,J.M., Li,Y., Salazar,M.G., Polonis,V.R., Mlisana,K., Karim,S.A., Hong,K., Greene,K.M., Bilska,M., Zhou,J., Allen,S., Chomba,E., Mulenga,J., Vwalika,C., Gao,F., Zhang,M., Korber,B.T., Hunter,E., Hahn,B.H. and Montefiori,D.C.",9
18544023,2008,"Full-length HIV type 1 proviral sequencing of 10 highly exposed women from Nairobi, Kenya reveals a high proportion of intersubtype recombinants","Land,A.M., Ball,T.B., Luo,M., Rutherford,J., Sarna,C., Wachihi,C., Kimani,J. and Plummer,F.A.",9
21325278,2011,Genetic and Neutralization Sensitivity of Diverse HIV-1 env Clones from Chronically Infected Patients in China,"Shang,H., Han,X., Shi,X., Zuo,T., Goldin,M., Chen,D., Han,B., Sun,W., Wu,H., Wang,X. and Zhang,L.",9
21531432,2011,Defining the human immunodeficiency virus type 1 transmission genetic bottleneck in a region with multiple circulating subtypes and recombinant forms,"Nofemela,A., Bandawe,G., Thebus,R., Marais,J., Wood,N., Hoffmann,O., Maboko,L., Hoelscher,M., Woodman,Z. and Williamson,C.",9
22587412,2012,Two Unique Recombinant Forms Identified in Incident HIV Type 1 Infections in Thai Blood Donors,"Rutvisuttinunt,W., Sirivichayakul,S., Oota,S., Assawadarachai,V., Poltavee,K., Savadsuk,H., Pattanachaiwit,S., Chaemchuen,S., Arroyo,M.A., Paris,R.M., Michael,N.L., Kim,J.H., Ruxrungtham,K., de Souza,M., Phanuphak,P. and Tovanabutra,S.",9
23372706,2013,New Emerging Recombinant HIV-1 Strains and Close Transmission Linkage of HIV-1 Strains in the Chinese MSM Population Indicate a New Epidemic Risk,"Wu,J., Meng,Z., Xu,J., Lei,Y., Jin,L., Zhong,P., Han,R. and Su,B.",9
25886933,2015,Comprehensive Characterization of the Transmitted/founder env Genes from a Single MSM Cohort in China,"Chen,Y., Li,N., Zhang,T., Huang,X., Cai,F., Vandergrift,N., Xin,R., Meng,Z., Zhang,X., Jiang,C., Xu,X., Montefiori,D.C., Gao,F. and Wu,H.",9
26354000,2015,Near full-length HIV type 1M genomic sequences from Cameroon: evidence of early diverging under-sampled lineages in the country,"Tongo,M., Dorfman,J.R., Abrahams,M.R., Mpoudi-Ngole,E., Burgers,W.A. and Martin,D.P.",9
27783600,2016,1970s and 'Patient 0' HIV-1 genomes illuminate early HIV/AIDS history in North America,"Worobey,M., Watts,T.D., McKay,R.A., Suchard,M.A., Granade,T., Teuwen,D.E., Koblin,B.A., Heneine,W., Lemey,P. and Jaffe,H.W.",9
7983718,1995,Genetic diversity of the envelope glycoprotein from human immunodeficiency virus type 1 isolates of African origin,"Louwagie,J., Janssens,W., Mascola,J., Heyndrickx,L., Hegerich,P., van der Groen,G., McCutchan,F.E. and Burke,D.S.",9
10196340,1999,Molecular cloning and phylogenetic analysis of human immunodeficiency virus type 1 subtype C: a set of 23 full-length clones from Botswana,"Novitsky,V.A., Montano,M.A., McLane,M.F., Renjifo,B., Vannberg,F., Foley,B.T., Ndung'u,T.P., Rahman,M., Makhema,M.J., Marlink,R. and Essex,M.",8
11752707,2002,Diversity of mosaic structures and common ancestry of human immunodeficiency virus type 1 BF intersubtype recombinant viruses from Argentina revealed by analysis of near full-length genome sequences,"Thomson,M.M., Delgado,E., Herrero,I., Villahermosa,M.L., Vazquez-de Parga,E., Cuevas,M.T., Carmona,R., Medrano,L., Perez-Alvarez,L., Cuevas,L. and Najera,R.",8
12743293,2003,"U.S. Human immunodeficiency virus type 1 epidemic: date of origin, population history, and characterization of early strains","Robbins,K.E., Lemey,P., Pybus,O.G., Jaffe,H.W., Youngpairoj,A.S., Brown,T.M., Salemi,M., Vandamme,A.M. and Kalish,M.L.",8
14502011,2003,High prevalence of diverse forms of HIV-1 intersubtype recombinants in Central Myanmar: geographical hot spot of extensive recombination,"Takebe,Y., Motomura,K., Tatsumi,M., Lwin,H., Zaw,M. and Kusagawa,S.",8
17031320,2006,"Identification of a novel circulating recombinant form (CRF33_01B) disseminating widely among various risk populations in Kuala Lumpur, Malaysia","Tee,K.K., Li,X.J., Nohtomi,K., Ng,K.P., Kamarulzaman,A. and Takebe,Y.",8
21593162,2011,Demographic processes affect HIV-1 evolution in primary infection before the onset of selective processes,"Herbeck,J.T., Rolland,M., Liu,Y., McLaughlin,S., McNevin,J., Zhao,H., Wong,K., Stoddard,J.N., Raugi,D., Sorensen,S., Genowati,I., Birditt,B., McKay,A., Diem,K., Maust,B.S., Deng,W., Collier,A.C., Stekler,J.D., McElrath,M.J. and Mullins,J.I.",8
22634875,2012,Magnitude and Breadth of the Neutralizing Antibody Response in the RV144 and Vax003 HIV-1 Vaccine Efficacy Trials,"Montefiori,D.C., Karnasuta,C., Huang,Y., Ahmed,H., Gilbert,P., de Souza,M.S., McLinden,R., Tovanabutra,S., Laurence-Chenine,A., Sanders-Buell,E., Moody,M.A., Bonsignori,M., Ochsenbauer,C., Kappes,J., Tang,H., Greene,K., Gao,H., Labranche,C.C., Andrews,C., Polonis,V.R., Rerks-Ngarm,S., Pitisuttithum,P., Nitayaphan,S., Kaewkungwal,J., Self,S.G., Berman,P.W., Francis,D., Sinangil,F., Lee,C., Tartaglia,J., Robb,M.L., Haynes,B.F., Michael,N.L. and Kim,J.H.",8
24279614,2014,"HIV-1 Genetic Diversity in Russia: CRF63_02A1, a New HIV Type 1 Genetic Variant Spreading in Siberia","Baryshev,P.B., Bogachev,V.V. and Gashnikova,N.M.",8
22412369,2012,Whole genome deep sequencing of HIV-1 reveals the impact of early minor variants upon immune recognition during acute infection,"Henn,M.R., Boutwell,C.L., Charlebois,P., Lennon,N.J., Power,K.A., Macalalad,A.R., Berlin,A.M., Malboeuf,C.M., Ryan,E.M., Gnerre,S., Zody,M.C., Erlich,R.L., Green,L.M., Berical,A., Wang,Y., Casali,M., Streeck,H., Bloom,A.K., Dudek,T., Tully,D., Newman,R., Axten,K.L., Gladden,A.D., Battis,L., Kemper,M., Zeng,Q., Shea,T.P., Gujja,S., Zedlack,C., Gasser,O., Brander,C., Hess,C., Gunthard,H.F., Brumme,Z.L., Brumme,C.J., Bazner,S., Rychert,J., Tinsley,J.P., Mayer,K.H., Rosenberg,E., Pereyra,F., Levin,J.Z., Young,S.K., Jessen,H., Altfeld,M., Birren,B.W., Walker,B.D. and Allen,T.M.",7
19036810,2009,Protective HLA class I alleles that restrict acute-phase CD8+ T-cell responses are associated with viral escape mutations located in highly conserved regions of human immunodeficiency virus type 1,"Wang,Y.E., Li,B., Carlson,J.M., Streeck,H., Gladden,A.D., Goodman,R., Schneidewind,A., Power,K.A., Toth,I., Frahm,N., Alter,G., Brander,C., Carrington,M., Walker,B.D., Altfeld,M., Heckerman,D. and Allen,T.M.",6
22022460,2011,"Characterization of Partial and Near Full-Length Genomes of HIV-1 Strains Sampled from Recently Infected Individuals in Sao Paulo, Brazil","Sanabani,S.S., Pastena,E.R., da Costa,A.C., Martinez,V.P., Kleine-Neto,W., de Oliveira,A.C., Sauer,M.M., Bassichetto,K.C., Oliveira,S.M., Tomiyama,H.T., Sabino,E.C. and Kallas,E.G.",6
23123038,2013,"Molecular identification, cloning and characterization of transmitted/founder HIV-1 subtype A, D and A/D infectious molecular clones","Baalwa,J., Wang,S., Parrish,N.F., Decker,J.M., Keele,B.F., Learn,G.H., Yue,L., Ruzagira,E., Ssemwanga,D., Kamali,A., Amornkul,P.N., Price,M.A., Kappes,J.C., Karita,E., Kaleebu,P., Sanders,E., Gilmour,J., Allen,S., Hunter,E., Montefiori,D.C., Haynes,B.F., Cormier,E., Hahn,B.H. and Shaw,G.M.",6
,2013,Development of a panel of HIV-1 strains of different genetic foms,"Delgado,E., Cuevas,M.T., Fernandez Garcia,A., Pinilla,M., Sanchez,M., Marino,A., Cilla,G., Aguirrebengoa,K., Ojea,R., Castro,A., Miralles,C., Rodriguez,R., Lopez Alvarez,M.J., Portu,J.J., Thomson,M.M. and Perez Alvarez,L.",5
10659053,2000,Near-full-length genome sequencing of divergent African HIV type 1 subtype F viruses leads to the identification of a new HIV type 1 subtype designated K,"Triques,K., Bourgeois,A., Vidal,N., Mpoudi-Ngole,E., Mulanga-Kabeya,C., Nzilambi,N., Torimiro,N., Saman,E., Delaporte,E. and Peeters,M.",5
11429108,2001,Evidence of two distinct subsubtypes within the HIV-1 subtype A radiation,"Gao,F., Vidal,N., Li,Y., Trask,S.A., Chen,Y., Kostrikis,L.G., Ho,D.D., Kim,J., Oh,M.-D., Choe,K., Salminen,M., Robertson,D.L., Shaw,G.M., Hahn,B.H. and Peeters,M.",5
18842728,2008,Human immunodeficiency virus type 1 superinfection occurs despite relatively robust neutralizing antibody responses,"Blish,C.A., Dogan,O.C., Derby,N.R., Nguyen,M.A., Chohan,B., Richardson,B.A. and Overbaugh,J.",5
23221345,2013,Vertical T cell immunodominance and epitope entropy determine HIV-1 escape,"Liu,M.K., Hawkins,N., Ritchie,A.J., Ganusov,V.V., Whale,V., Brackenridge,S., Li,H., Pavlicek,J.W., Cai,F., Rose-Abrahams,M., Treurnicht,F., Hraber,P., Riou,C., Gray,C., Ferrari,G., Tanner,R., Ping,L.H., Anderson,J.A., Swanstrom,R., Cohen,M., Karim,S.S., Haynes,B., Borrow,P., Perelson,A.S., Shaw,G.M., Hahn,B.H., Williamson,C., Korber,B.T., Gao,F., Self,S., McMichael,A. and Goonetilleke,N.",5
27031505,2016,Ultra-Deep Sequencing of HIV-1 near Full-Length and Partial Proviral Genomes Reveals High Genetic Diversity among Brazilian Blood Donors,"Pessoa,R., Loureiro,P., Esther Lopes,M., Carneiro-Proietti,A.B., Sabino,E.C., Busch,M.P. and Sanabani,S.S.",4
18490657,2008,Identification and characterization of transmitted and early founder virus envelopes in primary HIV-1 infection,"Keele,B.F., Giorgi,E.E., Salazar-Gonzalez,J.F., Decker,J.M., Pham,K.T., Salazar,M.G., Sun,C., Grayson,T., Wang,S., Li,H., Wei,X., Jiang,C., Kirchherr,J.L., Gao,F., Anderson,J.A., Ping,L.H., Swanstrom,R., Tomaras,G.D., Blattner,W.A., Goepfert,P.A., Kilby,J.M., Saag,M.S., Delwart,E.L., Busch,M.P., Cohen,M.S., Montefiori,D.C., Haynes,B.F., Gaschen,B., Athreya,G.S., Lee,H.Y., Wood,N., Seoighe,C., Perelson,A.S., Bhattacharya,T., Korber,B.T., Hahn,B.H. and Shaw,G.M.",2
19487424,2009,"Genetic identity, biological phenotype, and evolutionary pathways of transmitted/founder viruses in acute and early HIV-1 infection","Salazar-Gonzalez,J.F., Salazar,M.G., Keele,B.F., Learn,G.H., Giorgi,E.E., Li,H., Decker,J.M., Wang,S., Baalwa,J., Kraus,M.H., Parrish,N.F., Shaw,K.S., Guffey,M.B., Bar,K.J., Davis,K.L., Ochsenbauer-Jambor,C., Kappes,J.C., Saag,M.S., Cohen,M.S., Mulenga,J., Derdeyn,C.A., Allen,S., Hunter,E., Markowitz,M., Hraber,P., Perelson,A.S., Bhattacharya,T., Haynes,B.F., Korber,B.T., Hahn,B.H. and Shaw,G.M.",2
9986789,1999,Subtype G and multiple forms of A/G intersubtype recombinant human immunodeficiency virus type 1 in Nigeria,"McCutchan,F.E., Carr,J.K., Bajani,M., Sanders-Buell,E., Harry,T.O., Stoeckli,T.C., Robbins,K.E., Gashau,W., Nasidi,A., Janssens,W. and Kalish,M.L.",1
